record_id,row_index,smiles,prop,repeat_unit_id
dr_19e7281627d34e2dde09,0,*CC(*)C,eea,ru_6e545ca8b11c4c21186b
dr_9ff40d4aead2eb34a975,1,*CC(*)F,eea,ru_53567d4d32a157f02c98
dr_36038681d057ba5ffc79,2,*CC(*)(F)F,eea,ru_7a13e3384a97296e1048
dr_37a12140a881c6669b32,3,*C(F)C(*)(F)F,eea,ru_9333ba4b064a621edb97
dr_5f9b17a219c41194b7c4,4,*CCC(F)(F)C(*)(F)F,eea,ru_a48939fc6b42b3272a08
dr_1653adf9c95cadb2f50e,5,*CO*,eea,ru_03eacfbd76ee6bf45cfe
dr_c17aa19c022572298f8d,6,*CCO*,eea,ru_945a465c5743ceb9807c
dr_c27f9fcd6347990c8a74,7,*CC(O*)C(F)(F)F,eea,ru_1783e6ec35ef7e9451bd
dr_099d3c7bbc3521cdb8b2,8,*CCCO*,eea,ru_b0031a8cbf43d41aea77
dr_9f56d2037808a0b1aa50,9,*Oc1ccc(Cc2ccc(*)cc2)cc1,eea,ru_322816b2371758df1695
dr_79789e8cc714610018b3,10,*CCCCCOCO*,eea,ru_fd7b3a6a9f30457e0028
dr_603fcd4f354c6ed89de2,11,*CCOC(=O)NCCOCCOCCNC(=O)O*,eea,ru_114bc81f8c948232ac9b
dr_92c43843f06d5627efad,12,*c1ccc(-c2nc3cc4nc(*)oc4cc3o2)cc1,eea,ru_bcc991435eddfd9dc301
dr_800b88e15670e27b494b,13,*CCCCCS*,eea,ru_4b85d438d40e3e00b727
dr_a5d5f4146fe146836e92,14,*Sc1ccc(*)cc1,eea,ru_a1e899d361bba98af4e1
dr_33a4e476a115687d6f35,15,*CCOC(=O)CCCCC(=O)O*,eea,ru_d765cae8e31dfc5333d4
dr_2e0fc9526eebe70bde93,16,*CCOC(=O)CCCCCCC(=O)O*,eea,ru_2265598ea6140ef255b4
dr_6d30dc09e056a09370ee,17,*CCOC(=O)c1ccc(C(=O)O*)cc1,eea,ru_b86eb5d33f732d35a815
dr_51d6e77f614fe6af42cc,18,*CCCCOC(=O)c1ccc(C(=O)O*)cc1,eea,ru_da94fd5d4d6d25c72f2a
dr_0d11bfb76ba6237b462d,19,*CC(=O)O*,eea,ru_f77e2de49d623839a44e
dr_004f574eebd051f6a6b2,20,*CCCCCC(=O)O*,eea,ru_2b2ccab0fc31dc6b949b
dr_388497c193b2316a8499,21,*CCC(=O)O*,eea,ru_9f76b4c713bb0b69c80f
dr_8520f87118a42eb07509,22,*Oc1ccc(CC(*)=O)cc1,eea,ru_55f2a676722f452ec276
dr_e7d7445f53e158084808,23,*Cc1ccc(C(=O)O*)cc1,eea,ru_35fd1c9a3a5b12fadda1
dr_5da8ad5f17272c35338b,24,*CCC(=O)N*,eea,ru_edf3ca5bcb9e24d9eae7
dr_9fd0dc5f16ffd2b7ec7a,25,*CCCCCCC(=O)N*,eea,ru_7139a6d3592016de1ba8
dr_cb592e73d1899be52a17,26,*CC(=O)N*,eea,ru_a3e3c5aa140f14b44e23
dr_2dc751c20f1867232059,27,*Nc1cccc(C(*)=O)c1,eea,ru_d8ed7c00192f6f5703dd
dr_2ef74adf80940d094750,28,*Cc1ccc(C(=O)N*)cc1,eea,ru_9fb43eab56a9e4e99e16
dr_3d1f80f593df9105662e,29,*CCCCCOC(=O)Nc1ccc(C)c(NC(=O)O*)c1,eea,ru_48af27e04ada15dc8ec6
dr_50556600dac7df1b77f2,30,*OC(=O)c1ccc(C(*)=O)cc1,eea,ru_16a107997e062757591e
dr_9b5a9b9d57d00b2cb41f,31,*Oc1ccc(OC(*)=O)cc1,eea,ru_0ffaf2d5a49724621e5e
dr_ac853e88e8f70f0a1086,32,*CCCN*,eea,ru_80dcd6fa535075fcc501
dr_1e99394e93a7e7bb2ac4,33,*Oc1ccc(C(=O)c2ccc(*)cc2)cc1,eea,ru_dbb7475638236f4c5051
dr_baf79bbff9c6f053af9d,34,*c1ccc(*)cc1,eea,ru_8892789e3c4f3ef0e7a6
dr_88acae94775b1180434a,35,*CCc1ccc(-c2ccc(*)cc2)cc1,eea,ru_8191f88ee23d5ba1370b
dr_dd644b1a3bed7e42502d,36,*OC1C(CO)OC(*)C(O)C1O,eea,ru_239faf849b1940f97f9c
dr_16e653b1f121dd91022a,37,*Cc1ccc(CO*)cc1,eea,ru_d5a7a1c91d9534a966d5
dr_599d92944abd1806d40b,38,*CCOCCOC(=O)O*,eea,ru_b3e056602ddc3accfcb2
dr_c981ff275c9cd1e53fdf,39,*CCC(O*)(C(F)(F)F)C(F)(F)F,eea,ru_cdce5750cad5257aaeaf
dr_200c9ebe3e067be96be4,40,*c1ccc(*)s1,eea,ru_d96dba90cd8330ab6ef7
dr_d2a1b9247db82d3dc236,41,*Oc1ccc(-c2ccc(C(*)=O)cc2)cc1,eea,ru_69697cdf21c8d1c1d1b6
dr_e3f07e47834bf624cdfe,42,*Nc1ccc(*)cc1,eea,ru_c4d597c69f843b59f0bb
dr_5e4de29dcf4186b5536a,43,*c1cccc(*)n1,eea,ru_a64ce799bb9bcf2b08a7
dr_e290a81ee07428d87421,44,*CC(CC(CC(CC(*)c1ccccc1)c1ccccc1)c1ccccc1)c1ccccc1,eea,ru_fc9d55f75d446ef1b5da
dr_ee1cc3163d32602a3aab,45,*c1ccc(-c2ccc(*)s2)s1,eea,ru_1332b32830ee723a6033
dr_f4e54532701db6cdeb27,46,*c1ccc2oc(-c3ccc4nc(*)oc4c3)nc2c1,eea,ru_c372e2a053413d2f2b4d
dr_63eba9a0cc264ab0670b,47,*Cc1ccc(C*)cc1,eea,ru_5c3c8440e931e1127601
dr_1a3a66d1d16e8ef24831,48,*CCCOC(=O)CCCCCCCCOC(=O)CCCOC(=O)CCCCCCCCOC(*)=O,eea,ru_fe66e5e7eefc08220ed5
dr_902a17a50ebe7fc6f28c,49,*CC(CC(CC(*)c1ccccn1)c1ccccn1)c1ccccn1,eea,ru_7821a105177d50653101
dr_38e90d273803626cbc78,368,*CC(*)C,egb,ru_6e545ca8b11c4c21186b
dr_2ab9eca67e45c9a148f7,413,*CC(*)F,egb,ru_53567d4d32a157f02c98
dr_35bbde865e88bee290dd,414,*C(F)C(*)(F)F,egb,ru_9333ba4b064a621edb97
dr_1af51be7941199036797,416,*CCC(F)(F)C(*)(F)F,egb,ru_a48939fc6b42b3272a08
dr_a8b5d52da88e36e0fe86,423,*CO*,egb,ru_03eacfbd76ee6bf45cfe
dr_71cb0271bfef9ec50ab2,425,*CCO*,egb,ru_945a465c5743ceb9807c
dr_ee306299af3162e86fa1,427,*CC(O*)C(F)(F)F,egb,ru_1783e6ec35ef7e9451bd
dr_9536da4a4c7feed35472,429,*CCCO*,egb,ru_b0031a8cbf43d41aea77
dr_8cf22933ba53a72945f3,430,*Oc1ccc(Cc2ccc(*)cc2)cc1,egb,ru_322816b2371758df1695
dr_22f6b901e9bf601bfc02,431,*CCCCCOCO*,egb,ru_fd7b3a6a9f30457e0028
dr_6d78958eddbff4c09777,435,*CCOC(=O)NCCOCCOCCNC(=O)O*,egb,ru_114bc81f8c948232ac9b
dr_8216559ff20d5ba583ba,444,*CCCCCS*,egb,ru_4b85d438d40e3e00b727
dr_24f6b722b251b4fd44a9,455,*Sc1ccc(*)cc1,egb,ru_a1e899d361bba98af4e1
dr_4b488df7e365fad0c93a,459,*CCOC(=O)CCCCC(=O)O*,egb,ru_d765cae8e31dfc5333d4
dr_48151f66eda565753ce0,461,*CCOC(=O)CCCCCCC(=O)O*,egb,ru_2265598ea6140ef255b4
dr_ec2d5088f57af093d859,463,*CCOC(=O)c1ccc(C(=O)O*)cc1,egb,ru_b86eb5d33f732d35a815
dr_d995eb25c470811c1728,464,*CCCCOC(=O)c1ccc(C(=O)O*)cc1,egb,ru_da94fd5d4d6d25c72f2a
dr_c72a3436d9784e4609ba,466,*CC(=O)O*,egb,ru_f77e2de49d623839a44e
dr_9a458182a10f92a094db,467,*CCCCCC(=O)O*,egb,ru_2b2ccab0fc31dc6b949b
dr_584d57494ae6bee7701e,472,*CCC(=O)O*,egb,ru_9f76b4c713bb0b69c80f
dr_c8fd1631c9c400f860f4,480,*Oc1ccc(CC(*)=O)cc1,egb,ru_55f2a676722f452ec276
dr_60f652d6d5b014727e00,488,*Cc1ccc(C(=O)O*)cc1,egb,ru_35fd1c9a3a5b12fadda1
dr_bc94836a4a1a6fa1e45b,489,*CCC(=O)N*,egb,ru_edf3ca5bcb9e24d9eae7
dr_fdae8d73a3a7dc744d1b,491,*CCCCCCC(=O)N*,egb,ru_7139a6d3592016de1ba8
dr_52593aa645781361afbc,494,*CC(=O)N*,egb,ru_a3e3c5aa140f14b44e23
dr_cf7656c286566795f87e,495,*Nc1cccc(C(*)=O)c1,egb,ru_d8ed7c00192f6f5703dd
dr_e965c558d2b38c7ca98e,496,*Cc1ccc(C(=O)N*)cc1,egb,ru_9fb43eab56a9e4e99e16
dr_208f057cb82b39a7577a,511,*CCCCCOC(=O)Nc1ccc(C)c(NC(=O)O*)c1,egb,ru_48af27e04ada15dc8ec6
dr_3b88649a68adcc259aac,520,*OC(=O)c1ccc(C(*)=O)cc1,egb,ru_16a107997e062757591e
dr_49ffbe5f8210fae34991,524,*Oc1ccc(OC(*)=O)cc1,egb,ru_0ffaf2d5a49724621e5e
dr_645471cec53a42ef7d52,526,*CCCN*,egb,ru_80dcd6fa535075fcc501
dr_e4f42bed414dce4ac8da,527,*Oc1ccc(C(=O)c2ccc(*)cc2)cc1,egb,ru_dbb7475638236f4c5051
dr_315d101c2c44e9617fbe,528,*CCc1ccc(-c2ccc(*)cc2)cc1,egb,ru_8191f88ee23d5ba1370b
dr_07aaa741ba1babec8e8c,558,*OC1C(CO)OC(*)C(O)C1O,egb,ru_239faf849b1940f97f9c
dr_a76bb9a8b73fe74eef70,561,*Cc1ccc(CO*)cc1,egb,ru_d5a7a1c91d9534a966d5
dr_e7315b6c7eecc5f870ce,562,*CCOCCOC(=O)O*,egb,ru_b3e056602ddc3accfcb2
dr_c7d8a80249d5a356d3a8,564,*CCC(O*)(C(F)(F)F)C(F)(F)F,egb,ru_cdce5750cad5257aaeaf
dr_5f7995079f890582998e,577,*Oc1ccc(-c2ccc(C(*)=O)cc2)cc1,egb,ru_69697cdf21c8d1c1d1b6
dr_b29f4dcdd91278b09830,591,*Nc1ccc(*)cc1,egb,ru_c4d597c69f843b59f0bb
dr_80713fb7a8e921ed3a5e,592,*c1cccc(*)n1,egb,ru_a64ce799bb9bcf2b08a7
dr_bcee346628fa6cf05876,599,*CC(CC(CC(CC(*)c1ccccc1)c1ccccc1)c1ccccc1)c1ccccc1,egb,ru_fc9d55f75d446ef1b5da
dr_4f60faba22d3eb7efd81,600,*c1ccc(-c2ccc(*)s2)s1,egb,ru_1332b32830ee723a6033
dr_f67711ceccd747d850b0,601,*c1ccc2oc(-c3ccc4nc(*)oc4c3)nc2c1,egb,ru_c372e2a053413d2f2b4d
dr_93894dca97090ed8976d,602,*Cc1ccc(C*)cc1,egb,ru_5c3c8440e931e1127601
dr_92614252ad1829d2fad4,603,*CCCOC(=O)CCCCCCCCOC(=O)CCCOC(=O)CCCCCCCCOC(*)=O,egb,ru_fe66e5e7eefc08220ed5
dr_bee5300a59388d5610d0,604,*CC(CC(CC(*)c1ccccn1)c1ccccn1)c1ccccn1,egb,ru_7821a105177d50653101
dr_0173331229a24c0d324d,930,*CC(*)C,egc,ru_6e545ca8b11c4c21186b
dr_20098cd2373eec466b16,1092,*CC(*)F,egc,ru_53567d4d32a157f02c98
dr_824c2994aff499a183b8,1094,*CC(*)(F)F,egc,ru_7a13e3384a97296e1048
dr_03947f75197e84d6a41d,1096,*C(F)C(*)(F)F,egc,ru_9333ba4b064a621edb97
dr_e9c5102479ce9fff7d3b,1102,*CCC(F)(F)C(*)(F)F,egc,ru_a48939fc6b42b3272a08
dr_9fcd54470cc86dbc38f5,1129,*CO*,egc,ru_03eacfbd76ee6bf45cfe
dr_21f9ab66a00e9ff9eb2c,1137,*CCO*,egc,ru_945a465c5743ceb9807c
dr_b220b9cac8568aa67c02,1140,*CC(O*)C(F)(F)F,egc,ru_1783e6ec35ef7e9451bd
dr_17414993dbf4f876750f,1162,*CCCO*,egc,ru_b0031a8cbf43d41aea77
dr_95729d44b73831f83fbf,1178,*Oc1ccc(Cc2ccc(*)cc2)cc1,egc,ru_322816b2371758df1695
dr_c581e0ffbf9258bcf756,1183,*CCCCCOCO*,egc,ru_fd7b3a6a9f30457e0028
dr_b6e494ce386c2bc6f6fc,1294,*CCOC(=O)NCCOCCOCCNC(=O)O*,egc,ru_114bc81f8c948232ac9b
dr_049b30fe14dd385c8cfe,1328,*c1ccc(-c2nc3cc4nc(*)oc4cc3o2)cc1,egc,ru_bcc991435eddfd9dc301
dr_ece71dad0f8efd5f6b06,1403,*Sc1ccc(*)cc1,egc,ru_a1e899d361bba98af4e1
dr_a80eb593df8219e7d050,1443,*CCOC(=O)CCCCC(=O)O*,egc,ru_d765cae8e31dfc5333d4
dr_44546e2a1e9f6ec4000c,1446,*CCOC(=O)CCCCCCC(=O)O*,egc,ru_2265598ea6140ef255b4
dr_ad7861c427e67003d90d,1457,*CCOC(=O)c1ccc(C(=O)O*)cc1,egc,ru_b86eb5d33f732d35a815
dr_9f9b9b64aede743cacd4,1471,*CC(=O)O*,egc,ru_f77e2de49d623839a44e
dr_376348549adaa882afe6,1474,*CCCCCC(=O)O*,egc,ru_2b2ccab0fc31dc6b949b
dr_075dc9767786213dcce4,1512,*CCC(=O)O*,egc,ru_9f76b4c713bb0b69c80f
dr_4a8fe58c3aa9e11e950a,1576,*Oc1ccc(CC(*)=O)cc1,egc,ru_55f2a676722f452ec276
dr_88e4c1ad9f6a86269d7c,1647,*Cc1ccc(C(=O)O*)cc1,egc,ru_35fd1c9a3a5b12fadda1
dr_fec9d50d77e14b3dbdfc,1658,*CCC(=O)N*,egc,ru_edf3ca5bcb9e24d9eae7
dr_eb6d91dacacb36bc3703,1665,*CCCCCCC(=O)N*,egc,ru_7139a6d3592016de1ba8
dr_573a19b6ca430e200017,1710,*CC(=O)N*,egc,ru_a3e3c5aa140f14b44e23
dr_ddccde36c7fa72fd5117,1767,*Nc1cccc(C(*)=O)c1,egc,ru_d8ed7c00192f6f5703dd
dr_462388238508a070deb0,1773,*Cc1ccc(C(=O)N*)cc1,egc,ru_9fb43eab56a9e4e99e16
dr_f4c82d3c7f9f751add1f,1931,*CCCCCOC(=O)Nc1ccc(C)c(NC(=O)O*)c1,egc,ru_48af27e04ada15dc8ec6
dr_aff7389c0e703753946b,2088,*OC(=O)c1ccc(C(*)=O)cc1,egc,ru_16a107997e062757591e
dr_ad2fcf48e95ecb98a808,2128,*Oc1ccc(OC(*)=O)cc1,egc,ru_0ffaf2d5a49724621e5e
dr_59b0e63100218d3dc69e,2150,*CCCN*,egc,ru_80dcd6fa535075fcc501
dr_48413f23e17f4310438f,2167,*Oc1ccc(C(=O)c2ccc(*)cc2)cc1,egc,ru_dbb7475638236f4c5051
dr_0a8e1b4334300b5c0033,2178,*CCc1ccc(-c2ccc(*)cc2)cc1,egc,ru_8191f88ee23d5ba1370b
dr_8c3e7a89a090449720cb,2389,*OC1C(CO)OC(*)C(O)C1O,egc,ru_239faf849b1940f97f9c
dr_b56eb9c812d885e04c3f,2455,*Cc1ccc(CO*)cc1,egc,ru_d5a7a1c91d9534a966d5
dr_e324274456e16054eb55,2553,*CCOCCOC(=O)O*,egc,ru_b3e056602ddc3accfcb2
dr_8fbc5b7246e913ca9228,2610,*CCC(O*)(C(F)(F)F)C(F)(F)F,egc,ru_cdce5750cad5257aaeaf
dr_eccf8b1402e35099cc96,2705,*c1ccc(*)s1,egc,ru_d96dba90cd8330ab6ef7
dr_efcaed49bdea33f4d6ca,2948,*Oc1ccc(-c2ccc(C(*)=O)cc2)cc1,egc,ru_69697cdf21c8d1c1d1b6
dr_78d9a624bda30b0feaf4,3584,*Nc1ccc(*)cc1,egc,ru_c4d597c69f843b59f0bb
dr_e143a806d8d086f07feb,3609,*c1cccc(*)n1,egc,ru_a64ce799bb9bcf2b08a7
dr_cc07f6635b1f99b7ea3b,3840,*CC(CC(CC(CC(*)c1ccccc1)c1ccccc1)c1ccccc1)c1ccccc1,egc,ru_fc9d55f75d446ef1b5da
dr_71a0ade63f7bd9328cca,3841,*c1ccc(-c2ccc(*)s2)s1,egc,ru_1332b32830ee723a6033
dr_400e8de4ce1ea83f3411,3842,*CC(CC(CC(*)c1ccccn1)c1ccccn1)c1ccccn1,egc,ru_7821a105177d50653101
dr_49a5b81a4af40d9ef0e1,4309,*CC(*)C,ei,ru_6e545ca8b11c4c21186b
dr_c5debfb1cdefa4fe8e4b,4310,*CC(*)F,ei,ru_53567d4d32a157f02c98
dr_ff2f3e011f47532c75f4,4311,*CC(*)(F)F,ei,ru_7a13e3384a97296e1048
dr_d04b1cb16170c1ed16ee,4312,*C(F)C(*)(F)F,ei,ru_9333ba4b064a621edb97
dr_855aef02f4cb05bcb66c,4313,*CCC(F)(F)C(*)(F)F,ei,ru_a48939fc6b42b3272a08
dr_6906cee8c052bc1d9b82,4314,*CO*,ei,ru_03eacfbd76ee6bf45cfe
dr_9d693e38741b41480436,4315,*CCO*,ei,ru_945a465c5743ceb9807c
dr_33a44c3f98b1bc5fde4e,4316,*CC(O*)C(F)(F)F,ei,ru_1783e6ec35ef7e9451bd
dr_a505c4f992586f467ab3,4317,*CCCO*,ei,ru_b0031a8cbf43d41aea77
dr_83fa9053ad605f6dd606,4318,*Oc1ccc(Cc2ccc(*)cc2)cc1,ei,ru_322816b2371758df1695
dr_199c20ff3d648b500955,4319,*CCCCCOCO*,ei,ru_fd7b3a6a9f30457e0028
dr_c8004b4773474adcf984,4320,*CCOC(=O)NCCOCCOCCNC(=O)O*,ei,ru_114bc81f8c948232ac9b
dr_9441330745e34f4e5cd7,4321,*c1ccc(-c2nc3cc4nc(*)oc4cc3o2)cc1,ei,ru_bcc991435eddfd9dc301
dr_8a364b09919ccd40ed54,4322,*CCCCCS*,ei,ru_4b85d438d40e3e00b727
dr_660778e01f41fbbf0e9c,4323,*Sc1ccc(*)cc1,ei,ru_a1e899d361bba98af4e1
dr_f3dbfd9bb937e1683795,4324,*CCOC(=O)CCCCC(=O)O*,ei,ru_d765cae8e31dfc5333d4
dr_9ad5bbd7d196bc09d748,4325,*CCOC(=O)CCCCCCC(=O)O*,ei,ru_2265598ea6140ef255b4
dr_40de3b5af8d52fa7eedb,4326,*CCOC(=O)c1ccc(C(=O)O*)cc1,ei,ru_b86eb5d33f732d35a815
dr_6a17bd41ee13d1aaba28,4327,*CCCCOC(=O)c1ccc(C(=O)O*)cc1,ei,ru_da94fd5d4d6d25c72f2a
dr_6fdff30a7905d325e4fc,4328,*CC(=O)O*,ei,ru_f77e2de49d623839a44e
dr_2ee0c2497971117f1688,4329,*CCCCCC(=O)O*,ei,ru_2b2ccab0fc31dc6b949b
dr_a4d67276460872f1e95c,4330,*CCC(=O)O*,ei,ru_9f76b4c713bb0b69c80f
dr_7939d359ad145a7979d3,4331,*Oc1ccc(CC(*)=O)cc1,ei,ru_55f2a676722f452ec276
dr_3d76444caae1cce7bf8c,4332,*Cc1ccc(C(=O)O*)cc1,ei,ru_35fd1c9a3a5b12fadda1
dr_500d150d3d3256ef7503,4333,*CCC(=O)N*,ei,ru_edf3ca5bcb9e24d9eae7
dr_d7d078b0af05fe0757aa,4334,*CCCCCCC(=O)N*,ei,ru_7139a6d3592016de1ba8
dr_e06504ed890db9462c53,4335,*CC(=O)N*,ei,ru_a3e3c5aa140f14b44e23
dr_bbe8ff632f62b75c7da6,4336,*Nc1cccc(C(*)=O)c1,ei,ru_d8ed7c00192f6f5703dd
dr_b58d86d80e6a5b7f3f28,4337,*Cc1ccc(C(=O)N*)cc1,ei,ru_9fb43eab56a9e4e99e16
dr_d1ed753e19980e26313b,4338,*CCCCCOC(=O)Nc1ccc(C)c(NC(=O)O*)c1,ei,ru_48af27e04ada15dc8ec6
dr_3a46fba1f925382255da,4339,*OC(=O)c1ccc(C(*)=O)cc1,ei,ru_16a107997e062757591e
dr_32405f54f4b9cf4c0079,4341,*Oc1ccc(OC(*)=O)cc1,ei,ru_0ffaf2d5a49724621e5e
dr_5ceb41bcf97587e847e2,4342,*CCCN*,ei,ru_80dcd6fa535075fcc501
dr_d459ab768dc382627cac,4343,*Oc1ccc(C(=O)c2ccc(*)cc2)cc1,ei,ru_dbb7475638236f4c5051
dr_986f30810934bfc86a20,4344,*c1ccc(*)cc1,ei,ru_8892789e3c4f3ef0e7a6
dr_969d1fb473ef994b7def,4345,*CCc1ccc(-c2ccc(*)cc2)cc1,ei,ru_8191f88ee23d5ba1370b
dr_a14d67af83b5a32d4ce2,4346,*OC1C(CO)OC(*)C(O)C1O,ei,ru_239faf849b1940f97f9c
dr_8403e9f343e6d030ecd9,4347,*Cc1ccc(CO*)cc1,ei,ru_d5a7a1c91d9534a966d5
dr_4b7a16efbbd08a02eff8,4348,*CCOCCOC(=O)O*,ei,ru_b3e056602ddc3accfcb2
dr_75dde5e01bad3ce7cf75,4349,*CCC(O*)(C(F)(F)F)C(F)(F)F,ei,ru_cdce5750cad5257aaeaf
dr_8e42717f8564fa20c96b,4350,*c1ccc(*)s1,ei,ru_d96dba90cd8330ab6ef7
dr_2994f565b2ec791b700b,4351,*Oc1ccc(-c2ccc(C(*)=O)cc2)cc1,ei,ru_69697cdf21c8d1c1d1b6
dr_04893238251f610d4e91,4352,*Nc1ccc(*)cc1,ei,ru_c4d597c69f843b59f0bb
dr_52ef08e9750e85811f9e,4353,*c1cccc(*)n1,ei,ru_a64ce799bb9bcf2b08a7
dr_6e0dcd2d99682c4ff1ea,4354,*CC(CC(CC(CC(*)c1ccccc1)c1ccccc1)c1ccccc1)c1ccccc1,ei,ru_fc9d55f75d446ef1b5da
dr_dfa020336be3c2a3bcf6,4355,*c1ccc(-c2ccc(*)s2)s1,ei,ru_1332b32830ee723a6033
dr_6911f0035fd36df205c3,4356,*c1ccc2oc(-c3ccc4nc(*)oc4c3)nc2c1,ei,ru_c372e2a053413d2f2b4d
dr_52836da39261c925e5c5,4357,*Cc1ccc(C*)cc1,ei,ru_5c3c8440e931e1127601
dr_8e78a230408be3a7dd8d,4358,*CCCOC(=O)CCCCCCCCOC(=O)CCCOC(=O)CCCCCCCCOC(*)=O,ei,ru_fe66e5e7eefc08220ed5
dr_f26f59b3c02ca31baf9a,4359,*CC(CC(CC(*)c1ccccn1)c1ccccn1)c1ccccn1,ei,ru_7821a105177d50653101
dr_052661a041330187ca88,4679,*CC(*)C,eps,ru_6e545ca8b11c4c21186b
dr_e4c419dec1ffdd3fac60,4680,*CC(*)F,eps,ru_53567d4d32a157f02c98
dr_4b564d79de21c47be12e,4681,*CC(*)(F)F,eps,ru_7a13e3384a97296e1048
dr_4d90c21562f0bf7368c0,4682,*C(F)C(*)(F)F,eps,ru_9333ba4b064a621edb97
dr_1fb895537c4924597748,4683,*CCC(F)(F)C(*)(F)F,eps,ru_a48939fc6b42b3272a08
dr_8fb7879c057fdf3dfa7d,4684,*CO*,eps,ru_03eacfbd76ee6bf45cfe
dr_56be7b167ba1c0bc0bce,4685,*CCO*,eps,ru_945a465c5743ceb9807c
dr_ba7ff4352cc41bd59ebd,4686,*CC(O*)C(F)(F)F,eps,ru_1783e6ec35ef7e9451bd
dr_2ac5f5d96f56ff2bbe19,4687,*CCCO*,eps,ru_b0031a8cbf43d41aea77
dr_85690a0cb7d58c87c77e,4688,*Oc1ccc(Cc2ccc(*)cc2)cc1,eps,ru_322816b2371758df1695
dr_8733acabb79d5593b390,4689,*CCCCCOCO*,eps,ru_fd7b3a6a9f30457e0028
dr_51a78f81b346cc02f853,4690,*CCOC(=O)NCCOCCOCCNC(=O)O*,eps,ru_114bc81f8c948232ac9b
dr_f16a3e86ae9d37080333,4691,*c1ccc(-c2nc3cc4nc(*)oc4cc3o2)cc1,eps,ru_bcc991435eddfd9dc301
dr_81fbdc7d81e6511701e1,4692,*Sc1ccc(*)cc1,eps,ru_a1e899d361bba98af4e1
dr_dd8d029419ec40ae7496,4693,*CCOC(=O)CCCCC(=O)O*,eps,ru_d765cae8e31dfc5333d4
dr_2c9faf8e38c4a0874b1b,4694,*CCOC(=O)CCCCCCC(=O)O*,eps,ru_2265598ea6140ef255b4
dr_1bce0272b3e7e9b1d800,4695,*CCOC(=O)c1ccc(C(=O)O*)cc1,eps,ru_b86eb5d33f732d35a815
dr_9dab07d69caa686c9a6c,4696,*CCCCOC(=O)c1ccc(C(=O)O*)cc1,eps,ru_da94fd5d4d6d25c72f2a
dr_2bfd5778a35f24f294c7,4697,*CC(=O)O*,eps,ru_f77e2de49d623839a44e
dr_f3a5918f44b576e68646,4698,*CCCCCC(=O)O*,eps,ru_2b2ccab0fc31dc6b949b
dr_4aa11cb189692c70351a,4699,*CCC(=O)O*,eps,ru_9f76b4c713bb0b69c80f
dr_d4db28993d8ebbe5a59a,4700,*Oc1ccc(CC(*)=O)cc1,eps,ru_55f2a676722f452ec276
dr_20a96ff16339e7d2a3b7,4701,*Cc1ccc(C(=O)O*)cc1,eps,ru_35fd1c9a3a5b12fadda1
dr_addf76d419e79dd17791,4702,*CCC(=O)N*,eps,ru_edf3ca5bcb9e24d9eae7
dr_2060994a88d88bacac89,4703,*CCCCCCC(=O)N*,eps,ru_7139a6d3592016de1ba8
dr_452a1238f1765e5228fa,4704,*CC(=O)N*,eps,ru_a3e3c5aa140f14b44e23
dr_62feffb6bf88812fd6fe,4705,*Nc1cccc(C(*)=O)c1,eps,ru_d8ed7c00192f6f5703dd
dr_ba270970d1f40f94764d,4706,*Cc1ccc(C(=O)N*)cc1,eps,ru_9fb43eab56a9e4e99e16
dr_42a7ed2e471ca3b38aab,4707,*CCCCCOC(=O)Nc1ccc(C)c(NC(=O)O*)c1,eps,ru_48af27e04ada15dc8ec6
dr_56a2cfd34c53b39945a1,4709,*OC(=O)c1ccc(C(*)=O)cc1,eps,ru_16a107997e062757591e
dr_2ad3e95e3730c5582827,4711,*Oc1ccc(OC(*)=O)cc1,eps,ru_0ffaf2d5a49724621e5e
dr_ff1a962555e8932f304d,4712,*CCCN*,eps,ru_80dcd6fa535075fcc501
dr_12f4c32e12083e1cc49f,4713,*Oc1ccc(C(=O)c2ccc(*)cc2)cc1,eps,ru_dbb7475638236f4c5051
dr_47caeec90e8f3aae7c4b,4714,*c1ccc(*)cc1,eps,ru_8892789e3c4f3ef0e7a6
dr_6c437b02a1b6f8546e64,4715,*CCc1ccc(-c2ccc(*)cc2)cc1,eps,ru_8191f88ee23d5ba1370b
dr_2eb4c12b7984be0c26ae,4716,*OC1C(CO)OC(*)C(O)C1O,eps,ru_239faf849b1940f97f9c
dr_5fab2303d0c5f01f8e32,4717,*Cc1ccc(CO*)cc1,eps,ru_d5a7a1c91d9534a966d5
dr_574462e5039993505107,4718,*CCOCCOC(=O)O*,eps,ru_b3e056602ddc3accfcb2
dr_61a848108986095dbba7,4719,*CCC(O*)(C(F)(F)F)C(F)(F)F,eps,ru_cdce5750cad5257aaeaf
dr_21f62490d9c74c8de746,4720,*Oc1ccc(-c2ccc(C(*)=O)cc2)cc1,eps,ru_69697cdf21c8d1c1d1b6
dr_9dcf97207f97037d2975,4721,*Nc1ccc(*)cc1,eps,ru_c4d597c69f843b59f0bb
dr_211469ecdb3bbee7b160,4722,*c1cccc(*)n1,eps,ru_a64ce799bb9bcf2b08a7
dr_607b13a1582439630a3a,4723,*CC(CC(CC(CC(*)c1ccccc1)c1ccccc1)c1ccccc1)c1ccccc1,eps,ru_fc9d55f75d446ef1b5da
dr_9a80add8f6dd8b785ffa,4724,*c1ccc2oc(-c3ccc4nc(*)oc4c3)nc2c1,eps,ru_c372e2a053413d2f2b4d
dr_d6c3fb54870761471f9e,4725,*Cc1ccc(C*)cc1,eps,ru_5c3c8440e931e1127601
dr_511c4953818ee9dc4ae1,4726,*CCCOC(=O)CCCCCCCCOC(=O)CCCOC(=O)CCCCCCCCOC(*)=O,eps,ru_fe66e5e7eefc08220ed5
dr_3a6004a32f441cf9aeb5,4727,*CC(CC(CC(*)c1ccccn1)c1ccccn1)c1ccccn1,eps,ru_7821a105177d50653101
dr_a9eeb1a4baf040542a52,5061,*CC(*)C,nc,ru_6e545ca8b11c4c21186b
dr_3f5dd2a4ca114a097e11,5062,*CC(*)F,nc,ru_53567d4d32a157f02c98
dr_cd3124ed48ee831dc8cf,5063,*CC(*)(F)F,nc,ru_7a13e3384a97296e1048
dr_a95bcf82bb9b31b5b1fb,5064,*C(F)C(*)(F)F,nc,ru_9333ba4b064a621edb97
dr_49f7f096054618aafd81,5065,*CCC(F)(F)C(*)(F)F,nc,ru_a48939fc6b42b3272a08
dr_1033c59e494ad7f219d6,5066,*CO*,nc,ru_03eacfbd76ee6bf45cfe
dr_e595faf855fb8ccb1263,5067,*CCO*,nc,ru_945a465c5743ceb9807c
dr_23a2a8b48f1f0f324f1e,5068,*CC(O*)C(F)(F)F,nc,ru_1783e6ec35ef7e9451bd
dr_326d6d8fc328a0b7620f,5069,*CCCO*,nc,ru_b0031a8cbf43d41aea77
dr_67ed06571bed39889943,5070,*Oc1ccc(Cc2ccc(*)cc2)cc1,nc,ru_322816b2371758df1695
dr_6203407f87e64c6712d3,5071,*CCCCCOCO*,nc,ru_fd7b3a6a9f30457e0028
dr_083375063ac38ff0769b,5072,*CCOC(=O)NCCOCCOCCNC(=O)O*,nc,ru_114bc81f8c948232ac9b
dr_06fde360a23e5866841c,5073,*c1ccc(-c2nc3cc4nc(*)oc4cc3o2)cc1,nc,ru_bcc991435eddfd9dc301
dr_bda451a8599d1c75781f,5074,*Sc1ccc(*)cc1,nc,ru_a1e899d361bba98af4e1
dr_5fee04ed5fb77b0da0ca,5075,*CCOC(=O)CCCCC(=O)O*,nc,ru_d765cae8e31dfc5333d4
dr_b3b56eb1c8844d6af132,5076,*CCOC(=O)CCCCCCC(=O)O*,nc,ru_2265598ea6140ef255b4
dr_a5232eadb06cd9823589,5077,*CCOC(=O)c1ccc(C(=O)O*)cc1,nc,ru_b86eb5d33f732d35a815
dr_af41d7bf9ca7ebc143b1,5078,*CCCCOC(=O)c1ccc(C(=O)O*)cc1,nc,ru_da94fd5d4d6d25c72f2a
dr_6834ae7d3455d5f881fd,5079,*CC(=O)O*,nc,ru_f77e2de49d623839a44e
dr_5ceebdabe2bb35ba1319,5080,*CCCCCC(=O)O*,nc,ru_2b2ccab0fc31dc6b949b
dr_37964bad2550810a97e3,5081,*CCC(=O)O*,nc,ru_9f76b4c713bb0b69c80f
dr_75f7f079afa5e2c0983c,5082,*Oc1ccc(CC(*)=O)cc1,nc,ru_55f2a676722f452ec276
dr_58ab0b4cd9641e42df05,5083,*Cc1ccc(C(=O)O*)cc1,nc,ru_35fd1c9a3a5b12fadda1
dr_9fbaff26bfbaca044a5b,5084,*CCC(=O)N*,nc,ru_edf3ca5bcb9e24d9eae7
dr_a6704a62886d6c8d53f9,5085,*CCCCCCC(=O)N*,nc,ru_7139a6d3592016de1ba8
dr_1f8dd3c3214b1c83c9b1,5086,*CC(=O)N*,nc,ru_a3e3c5aa140f14b44e23
dr_71e41bc2d70a3cdfe814,5087,*Nc1cccc(C(*)=O)c1,nc,ru_d8ed7c00192f6f5703dd
dr_5b2b27b6c7d0c811cb20,5088,*Cc1ccc(C(=O)N*)cc1,nc,ru_9fb43eab56a9e4e99e16
dr_84aa6f5be6a2001b4aea,5089,*CCCCCOC(=O)Nc1ccc(C)c(NC(=O)O*)c1,nc,ru_48af27e04ada15dc8ec6
dr_96f623c6b91eafdb04bc,5091,*OC(=O)c1ccc(C(*)=O)cc1,nc,ru_16a107997e062757591e
dr_f25e52cc0a92bc630f3d,5093,*Oc1ccc(OC(*)=O)cc1,nc,ru_0ffaf2d5a49724621e5e
dr_fb5676898aaa24f39bd5,5094,*CCCN*,nc,ru_80dcd6fa535075fcc501
dr_2bdaff3b01a226fa96d4,5095,*Oc1ccc(C(=O)c2ccc(*)cc2)cc1,nc,ru_dbb7475638236f4c5051
dr_8ed7adad41d6dbc16536,5096,*c1ccc(*)cc1,nc,ru_8892789e3c4f3ef0e7a6
dr_2f0e0fb24ff76f72b17e,5097,*CCc1ccc(-c2ccc(*)cc2)cc1,nc,ru_8191f88ee23d5ba1370b
dr_33ee7da099d9a07c2caf,5098,*OC1C(CO)OC(*)C(O)C1O,nc,ru_239faf849b1940f97f9c
dr_b051a9b265b5d1ea90dd,5099,*Cc1ccc(CO*)cc1,nc,ru_d5a7a1c91d9534a966d5
dr_0a16c0a890b4b49f044c,5100,*CCOCCOC(=O)O*,nc,ru_b3e056602ddc3accfcb2
dr_b2fe6c9f0f516667e7bf,5101,*CCC(O*)(C(F)(F)F)C(F)(F)F,nc,ru_cdce5750cad5257aaeaf
dr_52338c0abe5d1e32d9a4,5102,*Oc1ccc(-c2ccc(C(*)=O)cc2)cc1,nc,ru_69697cdf21c8d1c1d1b6
dr_0b1482557100150f9c75,5103,*Nc1ccc(*)cc1,nc,ru_c4d597c69f843b59f0bb
dr_595de76a7016814f0bcb,5104,*c1cccc(*)n1,nc,ru_a64ce799bb9bcf2b08a7
dr_59d32e9a556bc9232ac2,5105,*CC(CC(CC(CC(*)c1ccccc1)c1ccccc1)c1ccccc1)c1ccccc1,nc,ru_fc9d55f75d446ef1b5da
dr_ff3312e75b42494d9313,5106,*c1ccc2oc(-c3ccc4nc(*)oc4c3)nc2c1,nc,ru_c372e2a053413d2f2b4d
dr_7e029beb2b29341f2ce1,5107,*Cc1ccc(C*)cc1,nc,ru_5c3c8440e931e1127601
dr_1c6f09756dbe82d53591,5108,*CCCOC(=O)CCCCCCCCOC(=O)CCCOC(=O)CCCCCCCCOC(*)=O,nc,ru_fe66e5e7eefc08220ed5
dr_b7b96fa1cc151d703064,5109,*CC(CC(CC(*)c1ccccn1)c1ccccn1)c1ccccn1,nc,ru_7821a105177d50653101
dr_37adc4cc466a2907a0ee,5444,*CC(*)C,tg,ru_6e545ca8b11c4c21186b
dr_98b6ca150b62be383e1b,5972,*CC(*)F,tg,ru_53567d4d32a157f02c98
dr_29692c7b55a9a3c69ffc,5974,*CC(*)(F)F,tg,ru_7a13e3384a97296e1048
dr_8ee0124a35ae813aaa99,5976,*C(F)C(*)(F)F,tg,ru_9333ba4b064a621edb97
dr_fd647bd4ee0c32560ab1,5985,*CCC(F)(F)C(*)(F)F,tg,ru_a48939fc6b42b3272a08
dr_0516b9ff15a8384eef9a,6007,*CO*,tg,ru_03eacfbd76ee6bf45cfe
dr_af78ffd2ec3f8c9041ab,6010,*CCO*,tg,ru_945a465c5743ceb9807c
dr_72d5668fb5f0e3944856,6027,*CCCO*,tg,ru_b0031a8cbf43d41aea77
dr_290d28a21a91b250afe3,6042,*CCCCCOCO*,tg,ru_fd7b3a6a9f30457e0028
dr_60a52248092f1ba7bd1c,6492,*Sc1ccc(*)cc1,tg,ru_a1e899d361bba98af4e1
dr_1a77ee52cf9063b0366f,6521,*CCOC(=O)CCCCC(=O)O*,tg,ru_d765cae8e31dfc5333d4
dr_c284a9f5cb595ab283e0,6531,*CCOC(=O)c1ccc(C(=O)O*)cc1,tg,ru_b86eb5d33f732d35a815
dr_76e2329d883271974cc1,6533,*CCCCOC(=O)c1ccc(C(=O)O*)cc1,tg,ru_da94fd5d4d6d25c72f2a
dr_90426464e570b4ee41ab,6561,*CC(=O)O*,tg,ru_f77e2de49d623839a44e
dr_f7193553fce926f8789a,6564,*CCCCCC(=O)O*,tg,ru_2b2ccab0fc31dc6b949b
dr_c66a5b9b0702e863080f,6596,*CCC(=O)O*,tg,ru_9f76b4c713bb0b69c80f
dr_da45ec0df277ec832a30,6618,*Oc1ccc(CC(*)=O)cc1,tg,ru_55f2a676722f452ec276
dr_b70d7f3bf31b28641ac5,6745,*CCC(=O)N*,tg,ru_edf3ca5bcb9e24d9eae7
dr_c7f82e89bfab2bb151df,6755,*CCCCCCC(=O)N*,tg,ru_7139a6d3592016de1ba8
dr_3b24c4ca4b29016f03a6,6998,*CCCCCOC(=O)Nc1ccc(C)c(NC(=O)O*)c1,tg,ru_48af27e04ada15dc8ec6
dr_d9c77d77e17db28da3ee,7543,*Oc1ccc(C(=O)c2ccc(*)cc2)cc1,tg,ru_dbb7475638236f4c5051
dr_9015aa5d841d916c4fba,7551,*c1ccc(*)cc1,tg,ru_8892789e3c4f3ef0e7a6
dr_f3c1d136a2c7bd2636ae,8277,*OC1C(CO)OC(*)C(O)C1O,tg,ru_239faf849b1940f97f9c
dr_0448b0dab348f6a4026f,8344,*Cc1ccc(CO*)cc1,tg,ru_d5a7a1c91d9534a966d5
dr_9a68d7a85084e3db72de,8818,*CCOCCOC(=O)O*,tg,ru_b3e056602ddc3accfcb2
dr_581e928356fe2905d9b6,9538,*c1ccc(*)s1,tg,ru_d96dba90cd8330ab6ef7
dr_c8a1ac8200541cbe7eb2,12047,*Nc1ccc(*)cc1,tg,ru_c4d597c69f843b59f0bb
dr_efda9358f61520d99302,12587,*CC(*)C,xc,ru_6e545ca8b11c4c21186b
dr_28070e0b0b3e1b50dc78,12619,*CC(*)(F)F,xc,ru_7a13e3384a97296e1048
dr_7da6a04327261d3e0804,12621,*C(F)C(*)(F)F,xc,ru_9333ba4b064a621edb97
dr_00e6387acc731c3c67e4,12624,*CCC(F)(F)C(*)(F)F,xc,ru_a48939fc6b42b3272a08
dr_dc3c11ed2d8b624cd9c0,12628,*CO*,xc,ru_03eacfbd76ee6bf45cfe
dr_95be0c9cb8ea4bc09ddf,12629,*CCO*,xc,ru_945a465c5743ceb9807c
dr_d28e5a954712b38dee52,12633,*CCCO*,xc,ru_b0031a8cbf43d41aea77
dr_329f847f494dfb5946ee,12674,*CCOC(=O)CCCCC(=O)O*,xc,ru_d765cae8e31dfc5333d4
dr_5933bb524f0738ce9e1c,12677,*CCOC(=O)CCCCCCC(=O)O*,xc,ru_2265598ea6140ef255b4
dr_702be9966f636fcb83f6,12688,*CCOC(=O)c1ccc(C(=O)O*)cc1,xc,ru_b86eb5d33f732d35a815
dr_36f6c135267b2b23db17,12690,*CCCCOC(=O)c1ccc(C(=O)O*)cc1,xc,ru_da94fd5d4d6d25c72f2a
dr_974129319c8f0fd62d77,12701,*CCCCCC(=O)O*,xc,ru_2b2ccab0fc31dc6b949b
dr_e0bed892ae3874b9cd01,12719,*CCC(=O)O*,xc,ru_9f76b4c713bb0b69c80f
dr_f198560aeaf2cd4410df,12760,*CCCCCCC(=O)N*,xc,ru_7139a6d3592016de1ba8
dr_e8dec6e2a0195a92ee0e,13018,*CC(*)C,eat,ru_6e545ca8b11c4c21186b
dr_074e17ad7642ce3803c1,13019,*CC(*)F,eat,ru_53567d4d32a157f02c98
dr_b536d2ebcdedf4b75ecb,13020,*CC(*)(F)F,eat,ru_7a13e3384a97296e1048
dr_2b1d408fe01e47700a89,13021,*C(F)C(*)(F)F,eat,ru_9333ba4b064a621edb97
dr_f1f9b1647f554ba4922a,13022,*CCC(F)(F)C(*)(F)F,eat,ru_a48939fc6b42b3272a08
dr_c50e65fd88bbe79dea72,13023,*CO*,eat,ru_03eacfbd76ee6bf45cfe
dr_bffb47127b61e9890f3f,13024,*CCO*,eat,ru_945a465c5743ceb9807c
dr_c3bb9e1156771c3bfee3,13025,*CC(O*)C(F)(F)F,eat,ru_1783e6ec35ef7e9451bd
dr_cc442ca090cf418d3a6f,13026,*CCCO*,eat,ru_b0031a8cbf43d41aea77
dr_e63834db20c2d41ee372,13027,*Oc1ccc(Cc2ccc(*)cc2)cc1,eat,ru_322816b2371758df1695
dr_c4109b430c9a5a34e4fe,13028,*CCCCCOCO*,eat,ru_fd7b3a6a9f30457e0028
dr_0d67239c67ac7c4c9355,13029,*CCOC(=O)NCCOCCOCCNC(=O)O*,eat,ru_114bc81f8c948232ac9b
dr_8732708fa229014640c5,13030,*c1ccc(-c2nc3cc4nc(*)oc4cc3o2)cc1,eat,ru_bcc991435eddfd9dc301
dr_5e49299bab6aa1cadbe5,13031,*CCCCCS*,eat,ru_4b85d438d40e3e00b727
dr_fc240cb893bd7e4898b9,13032,*CCOC(=O)CCCCC(=O)O*,eat,ru_d765cae8e31dfc5333d4
dr_c7e286b237427c8e6d60,13033,*CCOC(=O)CCCCCCC(=O)O*,eat,ru_2265598ea6140ef255b4
dr_dd23d975a1edcf60ad6d,13034,*CCOC(=O)c1ccc(C(=O)O*)cc1,eat,ru_b86eb5d33f732d35a815
dr_eb645b5efbcb8013dfb4,13035,*CCCCOC(=O)c1ccc(C(=O)O*)cc1,eat,ru_da94fd5d4d6d25c72f2a
dr_f9bbd6315f219dc2e1f4,13036,*CC(=O)O*,eat,ru_f77e2de49d623839a44e
dr_c645161fbc8689bd8246,13037,*CCCCCC(=O)O*,eat,ru_2b2ccab0fc31dc6b949b
dr_d7fe1d15a9e525cf93a9,13038,*CCC(=O)O*,eat,ru_9f76b4c713bb0b69c80f
dr_0f1b2218844f35ee7c1d,13039,*Oc1ccc(CC(*)=O)cc1,eat,ru_55f2a676722f452ec276
dr_885b8adc237af3a50026,13040,*Cc1ccc(C(=O)O*)cc1,eat,ru_35fd1c9a3a5b12fadda1
dr_67b37db149a0c5ee1522,13041,*CCC(=O)N*,eat,ru_edf3ca5bcb9e24d9eae7
dr_64aebb793b56659c88f9,13042,*CCCCCCC(=O)N*,eat,ru_7139a6d3592016de1ba8
dr_ac4c17523c85f056f8d3,13043,*CC(=O)N*,eat,ru_a3e3c5aa140f14b44e23
dr_1846fbd95a541d5f74eb,13044,*Nc1cccc(C(*)=O)c1,eat,ru_d8ed7c00192f6f5703dd
dr_37958123f51839d1d08e,13045,*Cc1ccc(C(=O)N*)cc1,eat,ru_9fb43eab56a9e4e99e16
dr_754684f9bb23d9685937,13046,*CCCCCOC(=O)Nc1ccc(C)c(NC(=O)O*)c1,eat,ru_48af27e04ada15dc8ec6
dr_d249b35506203915bbfd,13048,*OC(=O)c1ccc(C(*)=O)cc1,eat,ru_16a107997e062757591e
dr_a2dcdfb6ee50ddae660e,13050,*Oc1ccc(OC(*)=O)cc1,eat,ru_0ffaf2d5a49724621e5e
dr_917cb0f53167a95b5f7b,13051,*CCCN*,eat,ru_80dcd6fa535075fcc501
dr_142ede89d896c8a21343,13052,*Oc1ccc(C(=O)c2ccc(*)cc2)cc1,eat,ru_dbb7475638236f4c5051
dr_be323d3ae79f7c5577b0,13053,*c1ccc(*)cc1,eat,ru_8892789e3c4f3ef0e7a6
dr_e5c4031a5bc08651d4ab,13054,*CCc1ccc(-c2ccc(*)cc2)cc1,eat,ru_8191f88ee23d5ba1370b
dr_aed35bef9bb8b67eb97c,13055,*OC1C(CO)OC(*)C(O)C1O,eat,ru_239faf849b1940f97f9c
dr_888ba46acb8180a036a6,13056,*Cc1ccc(CO*)cc1,eat,ru_d5a7a1c91d9534a966d5
dr_8d37b1e3ab5bdf71038e,13057,*CCOCCOC(=O)O*,eat,ru_b3e056602ddc3accfcb2
dr_9d2685310ee05da17f17,13058,*CCC(O*)(C(F)(F)F)C(F)(F)F,eat,ru_cdce5750cad5257aaeaf
dr_20592f8e0cea01d8a131,13059,*c1ccc(*)s1,eat,ru_d96dba90cd8330ab6ef7
dr_dd6ffa335bcb875f71f1,13060,*Oc1ccc(-c2ccc(C(*)=O)cc2)cc1,eat,ru_69697cdf21c8d1c1d1b6
dr_0d00fcbeb3957808e38c,13061,*Nc1ccc(*)cc1,eat,ru_c4d597c69f843b59f0bb
dr_922f891e7dc864ea2458,13062,*c1cccc(*)n1,eat,ru_a64ce799bb9bcf2b08a7
dr_2f4f70e3e1eb665ef123,13063,*CC(C1=CC=CC=C1)CC(C2=CC=CC=C2)CC(C3=CC=CC=C3)CC(C4=CC=CC=C4)*,eat,ru_fc9d55f75d446ef1b5da
dr_2ab15f80c1c85784be5e,13064,*C(S1)=CC=C1C(S2)=CC=C2*,eat,ru_1332b32830ee723a6033
dr_e867ba9b16e360a96fb5,13065,*C(OC1=C2)=NC1=CC=C2C(=NC3=C4)OC3=CC=C4*,eat,ru_c372e2a053413d2f2b4d
dr_fe2996ad7fb3773f2fc2,13066,*CC(C=C1)=CC=C1C*,eat,ru_5c3c8440e931e1127601
dr_bd59801f9566cfacdacb,13067,*CCCOC(=O)CCCCCCCCOC(=O)CCCOC(=O)CCCCCCCCOC(=O)*,eat,ru_fe66e5e7eefc08220ed5
dr_209c62f2f0b99bb485f5,13068,*CC(C1=CC=CC=N1)CC(C2=CC=CC=N2)CC(C3=CC=CC=N3)*,eat,ru_7821a105177d50653101
